[
    {
        "id": 1,
        "receiving_pension": true,
        "years_left": -1,
        "inflationary_increase": 3.0,
        "pension_percentage_after_death": 50,
        "disability_increase": 0
    },
    {
        "id": 2,
        "receiving_pension": true,
        "years_left": -1,
        "inflationary_increase": 3.0,
        "pension_percentage_after_death": 0,
        "disability_increase": 0
    },
    {
        "id": 3,
        "receiving_pension": false,
        "years_left": 20,
        "inflationary_increase": 3.0,
        "pension_percentage_after_death": 50,
        "disability_increase": 5
    },
    {
        "id": 4,
        "receiving_pension": false,
        "years_left": 15,
        "inflationary_increase": 3.0,
        "pension_percentage_after_death": 50,
        "disability_increase": 0
    },
    {
        "id": 5,
        "receiving_pension": true,
        "years_left": -1,
        "inflationary_increase": 3.0,
        "pension_percentage_after_death": 0,
        "disability_increase": 5
    }
]